{"_wandb":{"runtime":847},"train/epoch":0.26666666666666666,"train/loss":2.1852,"train/learning_rate":0.000456,"train/global_step":100,"train/grad_norm":22.66913604736328,"_step":19,"_runtime":820.63696775,"_timestamp":1.7531860045340958e+09}