{"train/loss":1.9654,"train/global_step":375,"_runtime":3224.209386057,"train/epoch":1,"_timestamp":1.7531900919600086e+09,"_step":74,"train/learning_rate":0.0003337777777777778,"_wandb":{"runtime":3227},"train/grad_norm":15.016639709472656}