{"_wandb":{"runtime":245},"train/loss":2.7088,"train/global_step":25,"train/learning_rate":9.786666666666667e-06,"train/epoch":0.06666666666666667,"_step":4,"_timestamp":1.7531867549148512e+09,"train/grad_norm":21.80021095275879,"_runtime":209.711003422}