{"_wandb":{"runtime":109},"_runtime":109.23004363,"train/grad_norm":5.970015032003827,"_timestamp":1.7538721131282089e+09,"train/epoch":0.001977505870720554,"train/global_step":64,"train/loss":2.9019453525543213,"train/learning_rate":6.25e-06,"_step":64}