{"train/loss":2.34375,"train/learning_rate":0.00011856738925541942,"train/epoch":1.3226666666666667,"_runtime":3877.505064271,"train/grad_norm":28.633408972124368,"_wandb":{"runtime":3877},"train/global_step":3968,"_timestamp":1.7540544972850623e+09,"_step":3968}