{"_wandb":{"runtime":129},"train/epoch":0.042666666666666665,"train/loss":2.21484375,"train/learning_rate":5e-05,"_runtime":129.337327902,"_step":128,"train/grad_norm":58.84082155458254,"_timestamp":1.7542028090872014e+09,"train/global_step":128}