{"train/loss":1.5389,"train/epoch":0.013333333333333334,"_runtime":11.767852942,"train/learning_rate":4.968333333333334e-05,"train/global_step":20,"_timestamp":1.753527239593495e+09,"_wandb":{"runtime":21},"_step":0,"train/grad_norm":2.793113946914673}