{"train/learning_rate":4.623333333333334e-05,"_runtime":171.14174424,"_step":16,"train/loss":0.4301,"train/grad_norm":1.1499536037445068,"_timestamp":1.7535263179438696e+09,"_wandb":{"runtime":172},"train/epoch":0.22666666666666666,"train/global_step":340}