{"_runtime":753.983206526,"_step":74,"train/grad_norm":0.6638070344924927,"_wandb":{"runtime":912},"_timestamp":1.7535280603992963e+09,"train/loss":0.4023,"train/epoch":1,"train/global_step":1500,"train/learning_rate":3.334444444444445e-05}